date,hanwha_close,kospi_close,insurance_close,kr10y_pct,usdkrw,us10y_pct,hanwha_return_pct,insurance_return_pct,kospi_return_pct,usdkrw_change_pct,kr10y_change_pp,us10y_change_pp,outlier_hanwha_return_pct,outlier_insurance_return_pct,outlier_kospi_return_pct,outlier_kr10y_change_pp,outlier_usdkrw_change_pct,outlier_us10y_change_pp,hanwha_return_12m_mean,hanwha_return_12m_vol,rolling_corr_insurance_return_pct,rolling_corr_kospi_return_pct,rolling_corr_kr10y_change_pp,rolling_corr_usdkrw_change_pct,rolling_corr_us10y_change_pp
2015-01-31,7780,1949.26,5706,2.415,1088.1299999999999,1.8815000000000002,-6.151990349819059,-2.378100940975192,1.757683011500366,-1.3143557760784352,-0.266,-0.3257727272727273,False,False,False,False,False,False,,,,,,,
2015-02-28,7810,1985.8,5405,2.346,1101.4605263157894,1.9752631578947368,0.3856041131105492,-5.275148966000698,1.8745575243938717,1.2250858184030822,-0.06899999999999995,0.09376315789473666,False,False,False,False,False,False,,,,,,,
2015-03-31,7370,2041.03,5255,2.276,1112.9004545454545,2.0427272727272725,-5.633802816901412,-2.775208140610541,2.7812468526538403,1.0386144538406583,-0.07000000000000028,0.06746411483253567,False,False,False,False,False,False,,,,,,,
2015-04-30,7930,2127.17,5753,2.177,1084.6709090909092,1.935,7.598371777476265,9.476688867744997,4.220418122222602,-2.5365741688078702,-0.09899999999999975,-0.10772727272727245,False,False,False,False,False,False,,,,,,,
2015-05-31,8250,2114.8,5968,2.49,1092.6365,2.1975000000000002,4.035308953341743,3.7371806014253384,-0.5815238086283592,0.7343785882270026,0.31300000000000017,0.2625000000000002,False,False,False,False,False,False,,,,,,,
2015-06-30,7930,2074.2,5957,2.468,1112.8831818181818,2.3636363636363638,-3.8787878787878816,-0.18431635388740375,-1.919803291091371,1.8530116665681273,-0.02200000000000024,0.16613636363636353,False,False,False,False,False,False,,,,,,,
2015-07-31,8300,2030.16,6008,2.45,1146.546818181818,2.3245454545454547,4.6658259773013855,0.8561356387443375,-2.1232282325715834,3.024902964984877,-0.017999999999999794,-0.039090909090909065,False,False,False,False,False,False,,,,,,,
2015-08-31,7950,1941.49,5643,2.308,1178.1438095238095,2.1671428571428573,-4.216867469879515,-6.075233022636484,-4.367636048390278,2.755839608198274,-0.14200000000000035,-0.15740259740259743,False,False,False,False,False,False,,,,,,,
2015-09-30,8160,1962.81,5856,2.216,1184.33,2.172857142857143,2.6415094339622636,3.774587985114297,1.0981256663696426,0.5250794025468464,-0.09199999999999964,0.005714285714285783,False,False,False,False,False,False,,,,,,,
2015-10-31,8490,2029.47,6380,2.088,1143.1990476190476,2.07,4.044117647058831,8.948087431693995,3.3961514359515332,-3.4729300432271626,-0.1280000000000001,-0.1028571428571432,False,False,False,False,False,False,,,,,,,
2015-11-30,7640,1991.97,6048,2.254,1153.472105263158,2.263157894736842,-10.011778563015316,-5.203761755485892,-1.8477730639033796,0.898623705601076,0.16599999999999993,0.1931578947368422,False,False,False,False,False,False,,,,,,,
2015-12-31,7390,1961.31,6418,2.181,1169.9463636363637,2.2427272727272727,-3.27225130890052,6.117724867724861,-1.5391798069248064,1.4282320567645668,-0.07299999999999995,-0.020430622009569355,False,False,False,False,False,False,-0.8162283737543888,5.432497616368022,0.7100650537923416,0.3926080542064002,0.05854942494330181,-0.333298358896689,-0.05059268721759062
2016-01-31,6930,1912.06,6152,2.025,1203.3178947368422,2.0852631578947367,-6.224627875507438,-4.144593331255841,-2.5110767803152023,2.85239837805511,-0.15600000000000014,-0.15746411483253597,False,False,False,False,False,False,-0.8222815008950871,5.439019994376105,0.7233411395742947,0.5243207335001078,-0.006649374243692736,-0.516971871881305,-0.16482235937613463
2016-02-29,6120,1916.66,6155,1.826,1216.2285,1.7795,-11.688311688311693,0.04876462938880888,0.24057822453271704,1.0729172498495254,-0.19899999999999984,-0.3057631578947366,False,False,False,False,False,False,-1.8284411510136074,6.251368293643337,0.7238983695792742,0.42392629094420375,0.16672533639949802,-0.4713254355404025,0.14259354712280498
2016-03-31,6700,1995.85,6418,1.854,1181.5730434782608,1.8890909090909092,9.477124183006547,4.272948822095857,4.131666544927093,-2.8494198682023186,0.028000000000000025,0.10959090909090907,False,False,False,False,False,False,-0.5691972343546108,6.903110946814544,0.6939405951799891,0.6402021725874072,0.20208746883562434,-0.5874730370528626,0.2595956008768279
2016-04-30,6680,1994.15,6174,1.81,1145.7966666666666,1.805238095238095,-0.29850746268657025,-3.801807416640701,-0.08517674173910139,-3.027859937145938,-0.04400000000000004,-0.08385281385281407,False,False,False,False,False,False,-1.2272705043681804,6.412698428114246,0.5915970743391206,0.5668426536461821,0.27370453383632853,-0.4707395706474871,0.3467506787914456
2016-05-31,6390,1983.4,5994,1.787,1173.790476190476,1.8061904761904761,-4.341317365269459,-2.9154518950437303,-0.539076799638949,2.4431742854732263,-0.02300000000000013,0.0009523809523810378,False,False,False,False,False,False,-1.9253226975857807,6.241393604280115,0.5792406066606709,0.5854088854881789,0.11021503043152603,-0.5078198812527898,0.24640528693669753
2016-06-30,5790,1970.35,5647,1.617,1165.2022727272727,1.6440909090909093,-9.38967136150235,-5.789122455789119,-0.6579610769385957,-0.7316640948626829,-0.16999999999999993,-0.16209956709956685,False,False,False,False,False,False,-2.3845629878119863,6.591141371646806,0.627424501902008,0.5573967618872593,0.2132127151930507,-0.4163592605753155,0.37627693204317153
2016-07-31,5770,2016.19,5590,1.401,1140.865,1.504,-0.3454231433506094,-1.009385514432437,2.3264902174740643,-2.0886736403550654,-0.21599999999999997,-0.14009090909090927,False,False,False,False,False,False,-2.802167081199652,6.253958593573742,0.6327022179004511,0.6900916983435897,0.11033616105904212,-0.6082647342818065,0.3534439498415443
2016-08-31,5670,2034.65,5767,1.417,1110.0182608695652,1.556521739130435,-1.7331022530329254,3.166368515205731,0.9155883126094277,-2.7038027400643205,0.016000000000000014,0.0525217391304349,False,False,False,False,False,False,-2.595186646462437,6.2439746272576295,0.6457909263277832,0.7831787615109643,0.10825783853994066,-0.6108042947526579,0.34707040363510633
2016-09-30,5760,2043.63,5888,1.512,1108.3638095238096,1.6304761904761906,1.5873015873015817,2.0981446159181516,0.4413535497505672,-0.1490472187781533,0.09499999999999997,0.07395445134575573,False,False,False,False,False,False,-2.683037300350827,6.170582849606107,0.6318266677884116,0.7715008097146273,0.20030546430872,-0.6487061649524798,0.36568078003169063
2016-10-31,6250,2008.19,6134,1.596,1128.166,1.7645,8.506944444444443,4.177989130434789,-1.7341691010603677,1.7866146752570478,0.08400000000000007,0.13402380952380932,False,False,False,False,False,False,-2.311135067235359,6.722677782583238,0.6296762135923833,0.4692811698250732,0.3921141926849957,-0.3520575612400689,0.5296140276067377
2016-11-30,6660,1983.48,6274,1.965,1162.708,2.1420000000000003,6.56000000000001,2.2823606129768415,-1.2304612611356514,3.0617834609445893,0.369,0.3775000000000004,False,False,False,False,False,False,-0.9301535203174153,6.699051282829135,0.5829406930582609,0.3000082341533289,0.7122258415362912,-0.13639818379749985,0.81888322145182
2016-12-31,6530,2026.46,5987,2.159,1183.0700000000002,2.491904761904762,-1.9519519519519468,-4.5744341727765425,2.1668985822897113,1.7512565493657872,0.19399999999999973,0.3499047619047615,False,False,False,False,False,False,-0.8201285739050342,6.667857452717271,0.6935443753731559,0.2512063272174673,0.6433217060563866,-0.12778621918049082,0.683141447437355
2017-01-31,6440,2067.57,5829,2.111,1179.1073684210526,2.4325,-1.3782542113323082,-2.6390512777685005,2.0286608173859966,-0.33494481129160425,-0.0479999999999996,-0.05940476190476174,False,False,False,False,False,False,-0.4162641018904401,6.454097827894764,0.6635333721401825,0.1371137966274857,0.6170396830739262,-0.03634075157861803,0.6590449617103864
2017-02-28,6510,2091.64,5844,2.163,1140.4873684210527,2.4189473684210525,1.0869565217391353,0.257334019557387,1.1641685650304323,-3.275359058413496,0.0519999999999996,-0.013552631578947594,False,False,False,False,False,False,0.6483415822804622,5.3919903458903935,0.8206195278907895,0.11451307414802825,0.5254992450694241,0.05880961538049624,0.5136522307587811
2017-03-31,6040,2160.23,5954,2.221,1133.8617391304347,2.4817391304347827,-7.219662058371734,1.88227241615333,3.279244994358499,-0.5809471874985261,0.058000000000000274,0.06279176201373016,False,False,False,False,False,False,-0.7430572711677278,5.050070644310889,0.5996854626260865,-0.45124374765007974,0.5378503371042381,0.26617473758457216,0.4842225792028561
2017-04-30,6150,2205.44,6116,2.182,1134.1754999999998,2.2973684210526315,1.821192052980125,2.7208599261000943,2.092832707628367,0.027671880859636566,-0.039000000000000146,-0.18437070938215117,False,False,False,False,False,False,-0.5664156448621699,5.103819171884754,0.6483897701697151,-0.39818937355171813,0.5161267703325801,0.299523999386865,0.4028511552522305
2017-05-31,7040,2347.38,6537,2.257,1125.135909090909,2.3036363636363637,14.471544715447159,6.883584041857427,6.43590394660476,-0.7970187073421009,0.07500000000000018,0.0062679425837322,False,False,False,False,False,False,1.001322861864215,6.529202875098298,0.7432423139020818,0.20178052492749185,0.43221729069563525,0.28017171462879337,0.26245070652874647
2017-06-30,6960,2391.79,6491,2.165,1130.8463636363635,2.186818181818182,-1.1363636363636354,-0.7036867064402652,1.8918964973715369,0.5075346453095042,-0.09200000000000008,-0.11681818181818171,False,False,False,False,False,False,1.6890985056257746,5.7196305555115865,0.6554075012467205,0.05623349137323693,0.30958046611064294,0.2607664820551544,0.1436959713457619
2017-07-31,7550,2402.71,7122,2.252,1131.7459999999999,2.318,8.477011494252885,9.721152364812813,0.4565618218990819,0.07955425180334874,0.08699999999999974,0.13118181818181807,False,False,False,False,False,False,2.4243013920927328,5.994740995214408,0.6814741723878909,0.015093689013625573,0.2976260381142785,0.23412968149237448,0.14489931737257195
2017-08-31,7320,2363.19,6865,2.287,1130.27,2.2091304347826086,-3.0463576158940353,-3.6085369278292645,-1.6448094027160964,-0.13041795597243944,0.03500000000000014,-0.10886956521739144,False,False,False,False,False,False,2.31486344518764,6.088786269104836,0.7454337054466467,0.10760807384369722,0.29094971624537014,0.1628924527652332,0.21192245237380525
2017-09-30,6850,2394.47,6667,2.286,1131.599,2.202,-6.420765027322406,-2.88419519300801,1.3236345786838966,0.11758252452953588,-0.0009999999999998899,-0.007130434782608663,False,False,False,False,False,False,1.647524560635641,6.5936902679751475,0.7723197707076523,0.0975513551068141,0.3324356375619644,0.1536825764605407,0.23387927132840722
2017-10-31,7920,2523.43,7017,2.455,1130.8838095238095,2.3600000000000003,15.62043795620438,5.249737513124342,5.38574298278951,-0.06320175929728222,0.16900000000000004,0.15800000000000036,False,False,False,False,False,False,2.2403156866156357,7.520989518063776,0.7631344681991689,0.4629638806959305,0.4057450398232043,0.03412747459869515,0.2675112413080398
2017-11-30,7460,2476.37,6818,2.54,1099.7945,2.3533333333333335,-5.808080808080806,-2.8359697876585432,-1.8649219514708104,-2.7491161569375144,0.08499999999999996,-0.006666666666666821,False,False,False,False,False,False,1.2096422859422344,7.720031078018886,0.7804850944254196,0.6481405200532802,0.35262944007347036,0.06509513958275863,0.20923858864012673
2017-12-31,6910,2467.49,6975,2.472,1082.902,2.4025,-7.372654155495983,2.3027280727486055,-0.35858938688484443,-1.5359687650738363,-0.06800000000000006,0.04916666666666636,False,False,False,False,False,False,0.7579171023135647,8.072394849602041,0.7302491796188398,0.6851490592054128,0.5669227815635055,0.21017757609736315,0.3587502254296389
2018-01-31,7510,2566.46,7348,2.626,1065.6409523809523,2.583809523809524,8.683068017366136,5.347670250896064,4.0109585043911045,-1.5939621146740635,0.15399999999999991,0.18130952380952392,False,False,False,False,False,False,1.5963606213717683,8.348152127681278,0.7581952653302183,0.7134859547719813,0.6112074039605293,0.15561761630425772,0.42442988767105244
2018-02-28,6710,2427.36,6921,2.77,1078.4747368421054,2.8589473684210525,-10.65246338215713,-5.811105062602073,-5.419916928376045,1.204325381121918,0.14400000000000013,0.2751378446115287,False,False,False,False,False,False,0.6180756293804128,9.069919224066695,0.8034375972459835,0.7566152317732852,0.3963923591990282,-0.042130387185895186,0.10684673588075992
2018-03-31,6190,2445.85,6484,2.708,1069.9418181818182,2.8423809523809522,-7.749627421758564,-6.314116457159368,0.761732911475832,-0.7912024611046897,-0.06199999999999983,-0.01656641604010023,False,False,False,False,False,False,0.573911849098177,9.112741823992707,0.8519317512369274,0.8266797756794797,0.47735046266396836,-0.02496075090324509,0.15349738027876414
2018-04-30,6230,2515.38,6411,2.655,1068.0452380952381,2.869047619047619,0.646203554119551,-1.125848241826033,2.842774495574152,-0.17726011399414876,-0.05300000000000038,0.02666666666666684,False,False,False,False,False,False,0.47599614085979586,9.104430327197784,0.8485509216729533,0.8172935994049852,0.4814929045444725,-0.03101528775590193,0.20130183787475
2018-05-31,5570,2423.01,5960,2.757,1076.6595454545454,2.977727272727273,-10.59390048154093,-7.034783965060054,-3.6722085728597587,0.8065489224660771,0.10200000000000031,0.10867965367965393,False,False,False,False,False,False,-1.6127909588892113,8.453659886059338,0.8427743030753746,0.7891851780759414,0.3826673556849028,-0.09670909183699818,0.22665853128062421
2018-06-30,5300,2326.13,5905,2.656,1094.355238095238,2.9123809523809525,-4.847396768402157,-0.9228187919463116,-3.9983326523621465,1.6435736547732782,-0.10099999999999998,-0.06534632034632049,False,False,False,False,False,False,-1.9220437198924216,8.502385037943418,0.8396165764196475,0.777261780827267,0.4341042006718411,-0.14294357750017384,0.2844169256384813
2018-07-31,5170,2295.26,6012,2.549,1122.2028571428573,2.889047619047619,-2.4528301886792447,1.812023708721422,-1.3270969378323616,2.5446599128166936,-0.1070000000000002,-0.023333333333333428,False,False,False,False,False,False,-2.8328638601367655,7.847306021014721,0.8106984694714514,0.8132053171003818,0.37105813410993554,-0.15181923260417757,0.22221245023211061
2018-08-31,4850,2322.88,5789,2.458,1120.4269565217392,2.889130434782609,-6.189555125725343,-3.7092481703260183,1.2033495116021697,-0.1582513009848907,-0.09099999999999975,8.281573498969408e-05,False,False,False,False,False,False,-3.0947969859560414,7.907308580052591,0.8238929378538435,0.7909863475974103,0.3887158650621676,-0.1482878539803227,0.2591095634271085
2018-09-30,5290,2343.07,6205,2.315,1119.8200000000002,3.004210526315789,9.072164948453597,7.1860424943859025,0.8691796390687401,-0.05417189565156688,-0.14300000000000024,0.11508009153318044,False,False,False,False,False,False,-1.803719487974708,8.553314853496936,0.8520686854275754,0.7893001531753391,0.17045797776160676,-0.13057914530939432,0.2772402457565794
2018-10-31,4485,2029.69,5886,2.338,1131.615,3.152272727272727,-15.217391304347828,-5.141015310233687,-13.37476046383591,1.0532942794377442,0.02300000000000013,0.14806220095693767,False,False,False,False,False,False,-4.373538593020725,7.3967365714363975,0.8570283278829065,0.7397750725368776,-0.1936751684503275,-0.24859890492163417,-0.00691499634303313
2018-11-30,4440,2096.86,5687,2.209,1125.345,3.117,-1.0033444816053505,-3.3809038396194313,3.309372367208785,-0.5540753701568146,-0.129,-0.0352727272727269,False,False,False,False,False,False,-3.9731438991477703,7.441928739676913,0.8257458751212818,0.7387942148144959,-0.21209046719851235,-0.36083872660956884,-0.058286576777816165
2018-12-31,4220,2041.04,5855,1.992,1122.4244444444444,2.8326315789473684,-4.95495495495496,2.95410585545981,-2.6620756750569963,-0.2595253504974582,-0.21700000000000008,-0.2843684210526316,False,False,False,False,False,False,-3.771668965769352,7.373943771586125,0.8457979078702296,0.7570774998396642,-0.1825685364931524,-0.4589907213322669,-0.011231859423105681
2019-01-31,4300,2204.85,5900,1.991,1120.33,2.713809523809524,1.8957345971563955,0.7685738684884758,8.025810371183306,-0.18660003840892392,-0.0009999999999998899,-0.11882205513784427,False,False,False,False,False,False,-4.337280084120164,6.545543333175134,0.8081375151289694,0.7389498990099987,-0.5414215067012136,-0.29578299645332773,-0.2913893772395224
2019-02-28,4170,2195.44,6149,1.988,1121.8333333333333,2.6763157894736844,-3.023255813953485,4.220338983050853,-0.4267864027031276,0.13418665333726487,-0.0030000000000001137,-0.03749373433583969,False,False,False,False,False,False,-3.7015127867698596,6.239756928609468,0.7470991995697907,0.7184987171406996,-0.45048465903026574,-0.24185260269908573,-0.14900577493922396
2019-03-31,4000,2140.67,6025,1.953,1131.6004761904762,2.570952380952381,-4.076738609112707,-2.016588063099689,-2.4947163211019197,0.8706411698537808,-0.03499999999999992,-0.10536340852130355,False,False,False,False,False,False,-3.3954387190493716,6.111908034990532,0.7387004948367534,0.7550452330393854,-0.45870455679522626,-0.3463022864613065,-0.14145731410005097
2019-04-30,3990,2203.59,6035,1.889,1142.165,2.532380952380952,-0.24999999999999467,0.16597510373443924,2.939266678189534,0.9335913188273981,-0.06400000000000006,-0.0385714285714287,False,False,False,False,False,False,-3.4701223485593338,6.063314416500925,0.7617363358837833,0.7511924999971663,-0.4704040408228751,-0.2867407439648626,-0.1761357447833794
2019-05-31,3210,2041.74,5407,1.828,1182.9527272727273,2.395,-19.548872180451127,-10.405965202982603,-7.3448327501940085,3.5710888770648097,-0.06099999999999994,-0.13738095238095216,False,False,False,False,False,False,-4.216369990135184,7.419243735073805,0.8371995247569722,0.7631686308934337,-0.3011403845000781,-0.6020022656360254,0.1261543001395976
2019-06-30,3275,2130.62,5312,1.618,1173.7845,2.074,2.024922118380057,-1.756981690401327,4.353149764416608,-0.7750290490360023,-0.20999999999999996,-0.3210000000000002,False,False,False,False,False,False,-3.6436767495699995,7.628396444268474,0.7967549238797978,0.7829238196096127,-0.37431496316471563,-0.6373981707170827,-0.03454414391041494
2019-07-31,2625,2024.55,4953,1.506,1177.2345454545455,2.059090909090909,-19.84732824427481,-6.758283132530119,-4.978363105574902,0.29392494572431094,-0.1120000000000001,-0.01490909090909076,False,False,False,False,False,False,-5.093218254202963,8.92413945312288,0.8199180198458467,0.7709248884004406,-0.263683760268535,-0.623504894617493,-0.09828677065705287
2019-08-31,2540,1967.79,4431,1.254,1210.3781818181817,1.6263636363636365,-3.23809523809524,-10.539067231980614,-2.8035859820700892,2.8153808849398887,-0.252,-0.4327272727272726,False,False,False,False,False,False,-4.847263263567121,8.931845555735524,0.6930463891331802,0.7718406426135848,-0.25519632528131486,-0.5174657221719767,-0.10861958855449705
2019-09-30,2380,2063.05,4561,1.42,1194.1145000000001,1.6995,-6.299212598425196,2.933874971789674,4.840963720722247,-1.3436859704254567,0.16599999999999993,0.07313636363636355,False,False,False,False,False,False,-6.128211392473688,7.782405874562317,0.5505700975105762,0.7867131549588523,-0.1680605586038827,-0.4583149023064087,-0.3651169389885865
2019-10-31,2230,2083.48,4452,1.577,1183.4472727272728,1.7068181818181818,-6.302521008403361,-2.3898267923700978,0.9902813795109155,-0.8933169535021435,0.15700000000000003,0.007318181818181779,False,False,False,False,False,False,-5.385305534478316,7.242667365037085,0.5321691994744785,0.7736271399006942,-0.08976225358626581,-0.42370279903469105,-0.23159128012673894
2019-11-30,2290,2087.96,4697,1.75,1167.298947368421,1.8121052631578947,2.6905829596412634,5.503144654088055,0.21502486224969086,-1.3645158285453318,0.17300000000000004,0.10528708133971287,False,False,False,False,False,False,-5.077478247707764,7.519065686670342,0.6147968246918399,0.7264812181145123,0.09371441318065253,-0.46756700874605217,-0.1022415615088763
2019-12-31,2310,2197.67,4860,1.653,1174.7052380952382,1.8628571428571428,0.8733624454148492,3.470300191611675,5.254411004042225,0.6344810593305272,-0.09699999999999998,0.050751879699248104,False,False,False,False,False,False,-4.59178513101028,7.713427231189813,0.6566713602214989,0.7562430305998182,0.06473196235917394,-0.4466665090585483,-0.04240409067948162
2020-01-31,2050,2119.01,4278,1.656,1167.462380952381,1.7576190476190479,-11.255411255411252,-11.975308641975314,-3.5792452916042827,-0.6165680468575574,0.0029999999999998916,-0.10523809523809491,False,False,False,False,False,False,-5.687713952057584,7.6418098599521915,0.6657374574047459,0.761992217749256,0.032638608587683214,-0.36900889189614927,-0.011085450696163957
2020-02-29,1650,1987.01,4001,1.54,1195.3357894736844,1.5042105263157897,-19.512195121951216,-6.47498831229546,-6.229324071146447,2.3875209151120735,-0.11599999999999988,-0.2534085213032582,False,False,False,False,False,False,-7.0617922277240615,8.547884833781021,0.6659505758061124,0.8072534783965514,0.10410795855125483,-0.4655729959948643,0.11842881178361546
2020-03-31,1390,1754.64,3301,1.485,1218.1945454545455,0.87,-15.75757575757576,-17.495626093476634,-11.694455488397137,1.9123292536004532,-0.05499999999999994,-0.6342105263157897,False,False,False,False,False,True,-8.035195323429315,8.837243654498593,0.6814433284050014,0.809080728870052,0.10993569659927874,-0.5099158324733958,0.2728494846810701
2020-04-30,1800,1947.56,3930,1.504,1223.1309090909092,0.6576190476190477,29.496402877697836,19.054831869130574,10.994847946017416,0.4052196469589209,0.018999999999999906,-0.21238095238095234,False,False,False,False,False,False,-5.5563284169544955,13.92623375675447,0.8465501360721962,0.8529855816674766,0.16940631324096708,-0.3601742123772878,0.08679072528530699
2020-05-31,1525,2029.6,3726,1.394,1228.134,0.674,-15.277777777777779,-5.190839694656491,4.212450450820504,0.40903969247325644,-0.1100000000000001,0.016380952380952385,False,False,False,False,False,False,-5.200403883398384,13.58654067465326,0.8310571056659805,0.7480757511585587,0.18901338559679684,-0.23268658936653028,0.04425015952571068
2020-06-30,1360,2108.33,3578,1.392,1206.9459090909093,0.7286363636363636,-10.81967213114754,-3.97208803005904,3.879089475758768,-1.7252263115499433,-0.0020000000000000018,0.054636363636363594,False,False,False,False,False,False,-6.270786737525683,13.471036839690726,0.8370884855035545,0.7014169229186892,0.271859753123153,-0.13864177654651902,0.061580873964961695
2020-07-31,1465,2249.37,3699,1.36,1198.6186363636364,0.6236363636363637,7.720588235294112,3.3817775293460084,6.689654845304105,-0.6899458098785116,-0.031999999999999806,-0.10499999999999998,False,False,False,False,False,False,-3.9734603642282735,13.29477259424492,0.8493092658512265,0.7017538377053226,0.19566866532197089,-0.18324798731775666,0.11172996649858705
2020-08-31,1530,2326.17,3887,1.373,1186.8561904761905,0.65,4.436860068259385,5.082454717491225,3.414289334346954,-0.9813334725989886,0.0129999999999999,0.026363636363636367,False,False,False,False,False,False,-3.333880755365388,13.516134280101394,0.8933403739851735,0.7208432629491394,0.25137603138045733,-0.25717749881227503,0.157868715727502
2020-09-30,1525,2327.89,3906,1.5,1176.8619047619047,0.6795238095238095,-0.32679738562091387,0.48880885001285623,0.0739412854606325,-0.8420805986844804,0.127,0.029523809523809508,False,False,False,False,False,False,-2.836179487631698,13.506973362221379,0.9105306691870547,0.7385418508955292,0.31983702351173143,-0.29472662574153485,0.1865642075224645
2020-10-31,1535,2267.15,3965,1.507,1143.7680952380954,0.7871428571428571,0.6557377049180246,1.5104966717869983,-2.609229817560099,-2.8120384719653835,0.006999999999999895,0.10761904761904761,False,False,False,False,False,False,-2.256324594854916,13.493987904606088,0.9109990270854388,0.7147189590759813,0.40982510816835044,-0.3034872535851091,0.21114609319193095
2020-11-30,2065,2591.34,4228,1.61,1116.097777777778,0.8700000000000001,34.52768729641693,6.633039092055482,14.299450852391772,-2.4192244542856733,0.1030000000000002,0.08285714285714296,True,False,False,False,False,False,0.39676743320972285,17.18109339842159,0.8390954324918686,0.8099026320903568,0.5974126109130908,-0.45912719660720575,0.2937365481247844
2020-12-31,2440,2873.47,4559,1.675,1093.787619047619,0.9336363636363636,18.159806295399505,7.828760643330179,10.887417320768389,-1.99894302939837,0.06499999999999995,0.06363636363636349,False,False,False,False,False,False,1.837304420708444,17.93292127265567,0.8561535166234953,0.8331192844699469,0.668451682413143,-0.5119264225790765,0.33919807691729487
2021-01-31,2670,2976.21,4212,1.731,1098.2366666666667,1.0810526315789473,9.426229508196716,-7.6113182715507826,3.5754679881815354,0.40675607783178247,0.05600000000000005,0.14741626794258367,False,False,False,False,False,False,3.5607744843424407,17.549966875308847,0.7911299854819992,0.8204162615175231,0.6912228318691364,-0.4986749707805342,0.35317310537990465
2021-02-28,3205,3012.95,4536,1.845,1111.8136842105262,1.2578947368421052,20.037453183520594,7.692307692307687,1.234455901969267,1.2362560781245868,0.11399999999999988,0.1768421052631579,False,False,False,False,False,False,6.856578509798425,16.505607408011024,0.796889450397854,0.7263498355950696,0.6449505289785227,-0.22043465189770187,0.3224209776891053
2021-03-31,3210,3061.42,4936,2.04,1130.2543478260868,1.6108695652173912,0.15600624024960652,8.818342151675495,1.6087223485288682,1.6586109595021714,0.19500000000000006,0.35297482837528604,False,False,False,False,False,False,8.18271034295054,15.103220676475022,0.6850694877989394,0.6711503985448435,0.37451779307815025,-0.07335250427625811,-0.20635847666804405
2021-04-30,3495,3147.86,5116,2.041,1117.8554545454544,1.635,8.878504672897192,3.646677471636961,2.823526337451243,-1.0970002729456585,0.0009999999999998899,0.02413043478260879,False,False,False,False,False,False,6.464552159217153,13.551134982915679,0.5838634235615706,0.5955041076227249,0.4560901286145557,-0.19989705119866708,0.08576790570402641
2021-05-31,3850,3203.92,5281,2.131,1123.6565,1.621,10.157367668097272,3.2251759186864737,1.7808924157999284,0.5189441471128653,0.08999999999999986,-0.014000000000000012,False,False,False,False,False,False,8.584147613040074,11.70455082131534,0.4686852692203854,0.6771592769044354,0.2289167842171203,-0.0704338623772257,-0.018918272123361224
2021-06-30,3755,3296.68,5383,2.103,1122.6072727272729,1.5190909090909093,-2.467532467532463,1.931452376443854,2.8952033758645523,-0.09337615834796864,-0.02799999999999958,-0.10190909090909073,False,False,False,False,False,False,9.280159251674663,10.646296132464059,0.32613149205920794,0.7624909018734849,0.21466162225873195,-0.24635493550950557,0.09291614939182906
2021-07-31,3395,3202.32,5342,1.976,1146.394761904762,1.3185714285714287,-9.58721704394141,-0.7616570685491375,-2.862273560066486,2.1189502112969105,-0.12700000000000022,-0.20051948051948054,False,False,False,False,False,False,7.837842145071703,11.967236020350645,0.4032725749265183,0.8200061686054536,0.447313709879569,-0.41537082912421114,0.3267060484878668
2021-08-31,3335,3199.27,5398,1.905,1160.9945454545455,1.2831818181818182,-1.76730486008837,1.0482965181579873,-0.09524344849984878,1.2735389269858066,-0.07099999999999995,-0.035389610389610526,False,False,False,False,False,False,7.320828401042724,12.258009066433097,0.43422666694693324,0.8314767347211527,0.48613351375321767,-0.46735183628745525,0.3532355526524291
2021-09-30,3610,3068.82,5637,2.061,1172.8190476190478,1.3747619047619049,8.245877061469265,4.427565765098174,-4.077492678017169,1.0184804235986222,0.15599999999999992,0.09158008658008665,False,False,False,False,False,False,8.035217938300237,12.01927223224251,0.4147131203165991,0.7611368100308267,0.5388985527649114,-0.4956144974625699,0.34978669933888734
2021-10-31,3475,2970.68,5439,2.399,1181.8899999999999,1.5825,-3.7396121883656486,-3.512506652474723,-3.1979718588904027,0.7734315365500954,0.3380000000000001,0.20773809523809517,False,False,False,False,False,False,7.668938780526599,12.327618386298457,0.4695506470278786,0.7742039811957898,0.18295452504383442,-0.7122059402733444,0.2592233931287981
2021-11-30,2775,2839.01,4934,2.355,1184.06,1.5595,-20.143884892086326,-9.284794999080715,-4.4323185263979825,0.1836042271277316,-0.04400000000000004,-0.02299999999999991,False,False,False,False,False,False,3.1129744314846604,11.578785384829546,0.6349670540473998,0.6538747647139559,0.30141913347450816,-0.347067889717308,0.35373109861753066
2021-12-31,2935,2977.65,5326,2.187,1183.8871428571429,1.4649999999999999,5.7657657657657735,7.944872314552098,4.883392450185098,-0.01459868105139206,-0.16800000000000015,-0.09450000000000025,False,False,False,False,False,False,2.0801377206818494,10.62835022490447,0.5759603691507329,0.5577135645493838,0.23915706387681324,-0.12554415540874653,0.33380701745549823
2022-01-31,2940,2663.34,5653,2.492,1196.0345,1.764,0.17035775127767216,6.139692076605341,-10.555639514382143,1.026057020396487,0.30500000000000016,0.29900000000000015,False,False,False,False,False,False,1.3088150742719291,10.379713803280207,0.7737326069860033,0.3967041078094768,0.19512741865398667,-0.11142157321816355,0.2547312529973108
2022-02-28,2955,2699.18,5589,2.69,1199.1226315789474,1.9342105263157894,0.5102040816326481,-1.132142225367061,1.3456787342209342,0.2581975335115727,0.19799999999999995,0.17021052631578937,False,False,False,False,False,False,-0.31845568421873294,8.545189064620248,0.7468473058228665,0.3822419201747875,0.1729898844213403,-0.270699230737217,0.16340219055992192
2022-03-31,3150,2757.65,6163,2.784,1220.8408695652174,2.1278260869565218,6.598984771573613,10.270173555197704,2.166213442601106,1.8111773903952022,0.09399999999999986,0.19361556064073238,False,False,False,False,False,False,0.21845919339160091,8.776981024574921,0.8063441866402609,0.4151849189656031,0.18292684367572254,-0.16988603022205231,0.24235212290818328
2022-04-30,2940,2695.05,5988,3.219,1235.1533333333334,2.7475,-6.666666666666665,-2.839526204770404,-2.2700487734121366,1.1723447440953771,0.43500000000000005,0.6196739130434783,False,False,False,False,False,True,-1.0769717515720538,8.526217478337227,0.828604129956346,0.37175138934038277,0.07745318087780688,-0.0011830251928477992,0.022577616528412725
2022-05-31,2630,2685.9,5712,3.295,1268.8080952380953,2.8980952380952383,-10.54421768707483,-4.609218436873752,-0.3395113263204852,2.724743640851224,0.07600000000000007,0.15059523809523823,False,False,False,False,False,False,-2.8021038645030623,8.131675568636199,0.8803294958486728,0.2757667291219087,0.0971625903312038,-0.13455666848559417,0.071084703334654
2022-06-30,2225,2332.64,5338,3.64,1277.4057142857143,3.1433333333333335,-15.399239543726239,-6.547619047619047,-13.152388398674564,0.6776138235471851,0.3450000000000002,0.24523809523809526,False,False,False,False,False,False,-3.8797461208525434,8.903552704593162,0.8962462077611796,0.4631532429770322,-0.050310280848150694,-0.06310621842844799,0.004919072983142155
2022-07-31,2305,2451.5,5406,3.3,1308.0295,2.896,3.5955056179775235,1.273885350318471,5.095514095616993,2.3973421577661913,-0.3400000000000003,-0.24733333333333363,False,False,False,False,False,False,-2.781185899025966,8.948478326140004,0.894238301431809,0.5105567463723109,-0.2489509489889698,0.12385593466585657,-0.21221906754836742
2022-08-31,2310,2472.05,5455,3.322,1319.4121739130435,2.8978260869565218,0.2169197396963085,0.9064002959674466,0.8382622883948754,0.8702153822252034,0.02200000000000024,0.0018260869565218663,False,False,False,False,False,False,-2.6158338490439097,8.987165064903257,0.8925503006460044,0.5168480799040724,-0.2576744700975828,0.11351164251946882,-0.22394777693102008
2022-09-30,2090,2155.49,4991,3.897,1396.3728571428571,3.5190476190476194,-9.523809523809524,-8.505957836846934,-12.805566230456522,5.832952336764308,0.5749999999999997,0.6212215320910977,False,False,False,True,False,True,-4.0966410644838085,8.48469412771663,0.8892107330017861,0.6202462726883866,-0.35582456214275987,-0.1033747245911794,-0.28764358282682717
2022-10-31,2185,2293.61,5317,4.267,1426.065,3.9835000000000003,4.545454545454541,6.531757162893204,6.407823743093233,2.126376397626095,0.37000000000000055,0.46445238095238084,False,False,False,False,False,False,-3.406218836665459,8.84579269036953,0.9075518112076774,0.6582312403020476,-0.269424910164731,-0.0679956060195968,-0.17665271818006895
2022-11-30,2515,2472.53,5804,3.915,1361.79,3.8909999999999996,15.102974828375281,9.159300357344357,7.800803100788722,-4.507157808374796,-0.3520000000000003,-0.09250000000000069,False,False,False,False,False,False,-0.46898052662699213,8.632080176973302,0.8949922293926501,0.7751006026857062,-0.66085164427275,-0.5918906782562918,-0.5161156309753544
2022-12-31,2770,2236.4,6114,3.541,1293.5628571428572,3.616190476190476,10.139165009940365,5.34114403859407,-9.550136904304507,-5.010107495072136,-0.3740000000000001,-0.2748095238095236,False,False,False,False,False,False,-0.10453058961244273,9.003573509315164,0.8870847235653412,0.5645437871931124,-0.6939575895653469,-0.6456766806219181,-0.564903786257132
2023-01-31,2740,2425.08,6197,3.411,1243.0705,3.5315,-1.0830324909747335,1.3575400719659791,8.436773385798602,-3.9033555164363354,-0.1299999999999999,-0.0846904761904761,False,False,False,False,False,False,-0.20897977646680996,9.007364068529792,0.9109168007842754,0.5524135695935869,-0.6874428118456595,-0.5754874631659399,-0.5465788363427863
2023-02-28,2975,2412.85,6646,3.45,1275.4205263157894,3.7468421052631578,8.576642335766426,7.245441342585113,-0.5043132597687516,2.6024289302810644,0.039000000000000146,0.2153421052631579,False,False,False,False,False,False,0.4632234113776715,9.36000353079619,0.9254642717322143,0.5330197697240953,-0.6753745815051602,-0.49040247782290025,-0.5074990436888438
2023-03-31,2400,2476.86,6247,3.448,1306.0160869565218,3.6630434782608696,-19.327731092436974,-6.003611194703584,2.652879375012951,2.3988606118102496,-0.002000000000000224,-0.08379862700228813,False,False,False,False,False,False,-1.697336243956544,10.709912245941233,0.937105656008266,0.3734739470381112,-0.5659563366776826,-0.5337372274122747,-0.33106739621689424
2023-04-30,2480,2501.53,6734,3.319,1322.057,3.46,3.3333333333333437,7.795741956138946,0.9960191532827789,1.2282324240629583,-0.129,-0.20304347826086966,False,False,False,False,False,False,-0.8640029106232102,10.677097331484152,0.9164398842566388,0.37174927282266806,-0.5647815449435118,-0.5204526346396553,-0.3217743851685086
2023-05-31,2525,2577.12,6385,3.402,1327.48,3.5736363636363637,1.814516129032251,-5.182655182655182,3.0217506885785728,0.41019411417209106,0.08300000000000018,0.11363636363636376,False,False,False,False,False,False,0.16589157405238,10.245815979833063,0.8455345538945421,0.39074654028666816,-0.5634079135631744,-0.49324904753654286,-0.30297508658881894
2023-06-30,2580,2564.28,6416,3.611,1297.2514285714285,3.7480952380952384,2.17821782178218,0.48551292090837084,-0.4982305829763334,-2.277139499545866,0.20900000000000007,0.17445887445887465,False,False,False,False,False,False,1.6306796878447483,8.99885394527649,0.8132328394173972,0.17818387597469634,-0.4642467634828679,-0.5383499123100027,-0.23087953091245839
2023-07-31,2365,2632.58,6437,3.681,1282.2835,3.8994999999999997,-8.333333333333337,0.3273067331670765,2.6635156847146124,-1.153818623110836,0.06999999999999984,0.15140476190476138,False,False,False,False,False,False,0.63660977523551,9.411482398302937,0.7983494157639424,0.13195621605582183,-0.4638944373599378,-0.5078102765008559,-0.23444920647450568
2023-08-31,2515,2556.27,6677,3.86,1321.7560869565218,4.167826086956522,6.342494714587743,3.7284449277613874,-2.898677343138667,3.0783042093672552,0.17899999999999983,0.26832608695652205,False,False,False,False,False,False,1.1470743564764627,9.551725709953262,0.7999121897185251,0.10008179226636868,-0.42547473835952726,-0.4343941849167371,-0.1964958758880397
2023-09-30,2855,2465.07,7178,3.949,1334.2369999999999,4.379,13.518886679920472,7.503369776845892,-3.5676982478376584,0.9442674913051841,0.08899999999999997,0.21117391304347777,False,False,False,False,False,False,3.067299040120629,9.527648416209347,0.7949356264614432,-0.26245877351962404,-0.22327507966986235,-0.24292960543770223,0.08983917980659432
2023-10-31,2770,2277.99,7157,4.272,1351.507142857143,4.798095238095239,-2.977232924693518,-0.2925606018389537,-7.5892368168044015,1.2943834459052672,0.3230000000000004,0.4190952380952391,False,False,False,False,False,False,2.4404084176082907,9.667999927203358,0.8095968665058773,-0.18049745210640666,-0.33730500450925527,-0.2896810350140815,-0.029271641701238242
2023-11-30,2765,2535.29,7073,3.89,1308.154,4.502857142857143,-0.18050541516245744,-1.1736761212798652,11.295045193350294,-3.207762762207278,-0.3820000000000001,-0.29523809523809597,False,False,False,False,False,False,1.1667850639801458,8.8175220821709,0.7644168053763015,-0.3926825017890768,-0.10476850804324332,-0.10519816466802412,0.0919210149858792
2023-12-31,2830,2655.28,7039,3.415,1304.3944999999999,4.0200000000000005,2.350813743218816,-0.48070125830623756,4.7327919094068305,-0.28738971099734334,-0.4750000000000001,-0.4828571428571422,False,False,False,False,False,False,0.5177557917533502,8.372460844010556,0.7319563999475137,-0.25951817734809907,0.023188032699236933,0.0822419934126449,0.17368830102322547
2024-01-31,3035,2497.09,7378,3.353,1325.911904761905,4.058095238095238,7.243816254416968,4.816025003551649,-5.9575637974149664,1.6496086699158141,-0.06199999999999983,0.03809523809523796,False,False,False,False,False,False,1.2116598538693253,8.570448373131436,0.7465166874842865,-0.31841337120921853,-0.0038382728742033497,0.09562039892826202,0.1614567316099477
2024-02-29,3150,2642.36,8254,3.429,1331.3345,4.2075000000000005,3.789126853377267,11.873136351314727,5.817571653404552,0.40897100468140213,0.07599999999999962,0.14940476190476204,False,False,False,False,False,False,0.8127002303368954,8.30371648601897,0.6487745231031592,-0.2677455909991775,-0.008631006528389079,0.007825037465148304,0.12561407951481512
2024-03-31,2835,2746.63,8376,3.39,1331.675238095238,4.2085,-9.999999999999998,1.4780712381875505,3.946093643561066,0.025593725336348072,-0.0389999999999997,0.0009999999999994458,False,False,False,False,False,False,1.5900111547066433,6.484216833680476,0.46161528381106626,-0.3357744939905227,0.014587076584391349,0.3854989451605396,0.04604139277865273
2024-04-30,2950,2692.06,8479,3.567,1367.8554545454544,4.539090909090909,4.056437389770728,1.229703915950342,-1.9867983674539458,2.716894886621679,0.17700000000000005,0.33059090909090916,False,False,False,False,False,False,1.6502698260764255,6.505216510077651,0.452109921946749,-0.34888056217957947,0.052830338494231154,0.38993402345168854,0.1065650559728662
2024-05-31,2805,2636.52,8735,3.527,1364.7240909090908,4.482272727272727,-4.915254237288136,3.019223965090223,-2.0631040912906795,-0.22892503926185137,-0.040000000000000036,-0.05681818181818166,False,False,False,False,False,False,1.0894556288830597,6.774291233547853,0.5020760905251916,-0.2972855600410529,0.06901911914870289,0.39551863163826695,0.14593118841337058
2024-06-30,3000,2797.82,9383,3.337,1379.0526315789473,4.3052631578947365,6.951871657754016,7.418431597023467,6.117913006538922,1.0499221612122245,-0.18999999999999995,-0.17700956937799095,False,False,False,False,False,False,1.487260115214046,6.981044312063217,0.5575642703980805,-0.20276652100735526,-0.0013478518679827058,0.4688479586448713,0.06655758319612416
2024-07-31,3115,2770.69,9533,3.171,1382.0472727272727,4.248636363636364,3.833333333333333,1.5986358307577442,-0.9696835393270486,0.21715205640098212,-0.16600000000000037,-0.05662679425837247,False,False,False,False,False,False,2.5011490041029356,6.272661695961935,0.504418250569277,-0.18288186487187075,0.049008976312980096,0.3811441233871707,0.1289319979669224
2024-08-31,2970,2674.31,9359,2.999,1351.4436363636364,3.8709090909090906,-4.65489566613162,-1.8252386447078606,-3.4785558831915586,-2.2143697229143555,-0.1719999999999997,-0.37772727272727336,False,False,False,False,False,False,1.5846998057096553,6.4609570155735,0.5615459601556404,-0.07375957757389906,0.03401870281238954,0.4247884017402771,0.1906299004976002
2024-09-30,2870,2593.27,9031,3.011,1330.6985,3.7235,-3.367003367003363,-3.5046479324714164,-3.0303143614614614,-1.5350352619555752,0.01200000000000001,-0.1474090909090906,False,False,False,False,False,False,0.1775423017993358,5.372633197302366,0.5074195991927342,0.11053575970274,-0.14481698313996824,0.45586892738656476,0.06583112615715905
2024-10-31,2960,2556.15,9117,3.07,1362.3690909090908,4.095454545454545,3.1358885017421567,0.9522754955154422,-1.4313974248728378,2.3799974907231736,0.05899999999999972,0.37195454545454476,False,False,False,False,False,False,0.6869690873356421,5.336001907382366,0.47216757099427736,0.007923509160973901,-0.008159802729776466,0.5343122410430798,0.24921612163694115
2024-11-30,2695,2455.91,9273,3.006,1395.02,4.35578947368421,-8.952702702702698,1.7110891740704126,-3.9215226023512018,2.3966272656055,-0.06400000000000006,0.260334928229665,False,False,False,False,False,False,-0.04404735329271133,6.022384152484191,0.4424016509975688,0.17466861241401624,-0.04085609909316169,0.3359431876646208,0.054304652433692056
2024-12-31,2460,2399.49,8635,2.771,1439.9966666666667,4.3914285714285715,-8.719851576994431,-6.880189798339265,-2.2973154553709296,3.224087587752633,-0.23499999999999988,0.03563909774436169,False,False,False,False,False,False,-0.9666027966438153,6.454604673372585,0.5837473392339804,0.1743451953161034,0.24456687532664237,0.1373319114786393,0.1373781386557709
2025-01-31,2495,2517.37,8544,2.821,1452.1919047619047,4.629047619047618,1.4227642276422703,-1.0538506079907362,4.912710617672933,0.8468934947931439,0.050000000000000266,0.23761904761904695,False,False,False,False,False,False,-1.4516904655417069,5.982972122534523,0.5264684641870903,0.432458475800484,0.30108107389185434,0.08667458432021091,0.17849786865845763
2025-02-28,2625,2532.78,8370,2.83,1444.7931578947369,4.451052631578947,5.210420841683372,-2.0365168539325795,0.6121468040057865,-0.5094882324372163,0.008999999999999897,-0.17799498746867126,False,False,False,False,False,False,-1.3332492998495316,6.1088961269766,0.3798088358712495,0.3636817011874209,0.2728671370058679,0.026720599697616528,0.04310100998833517
2025-03-31,2545,2481.12,8200,2.795,1458.345238095238,4.2804761904761905,-3.0476190476190435,-2.0310633213859064,-2.039656030132908,0.9379944891384051,-0.03500000000000014,-0.1705764411027566,False,False,False,False,False,False,-0.7538842204844518,5.512821913778022,0.4956290909713899,0.6581537182744293,0.31130360487429914,-0.03524579396127792,0.06427588410177576
2025-04-30,2650,2556.61,8542,2.658,1439.7777272727274,4.279047619047619,4.125736738703334,4.170731707317077,3.0425775456245585,-1.2731903487244178,-0.137,-0.0014285714285717788,False,False,False,False,False,False,-0.748109274740068,5.518352574444161,0.5322865218268107,0.7471628050234286,0.1286508200983377,-0.22399964061236682,-0.04985500991650002
2025-05-31,2955,2697.67,9491,2.71,1391.437619047619,4.423809523809524,11.50943396226416,11.109810348864425,5.517462577397403,-3.3574702059515737,0.052000000000000046,0.1447619047619053,False,False,False,False,False,False,0.6206147418892899,6.363073659499512,0.7508023041936225,0.7987676235417487,0.3172691212958498,-0.48294843229649487,0.06159271570949274
2025-06-30,3295,3071.7,11038,2.842,1364.6775,4.3835,11.505922165820648,16.299652302181023,13.864927882209454,-1.9231993358017063,0.13200000000000012,-0.04030952380952435,False,False,False,False,False,False,1.0001189508948425,6.889072985541911,0.7829083778857404,0.8003264897287963,0.6034978538327983,-0.6052853256562232,0.09832531191865905
2025-07-31,3480,3245.44,11234,2.84,1379.295909090909,4.391818181818182,5.614567526555381,1.7756840007247643,5.656151316860369,1.071198806377982,-0.002000000000000224,0.008318181818181891,False,False,False,False,False,False,1.1485551336633464,6.974331019842153,0.7750981149015239,0.8349779466205033,0.6955078591221231,-0.5639676376059423,0.10828465879586585
2025-08-31,3135,3186.01,11699,2.815,1388.9990476190476,4.2647619047619045,-9.913793103448276,4.139220224319029,-1.831184677578379,0.7034849058991322,-0.02499999999999991,-0.1270562770562771,False,False,False,False,False,False,0.7103136805536252,7.516315982257038,0.6390932103712156,0.8120501006407673,0.6124526396919169,-0.6709108670433805,0.07723915734094576
2025-09-30,3145,3424.6,12154,2.849,1392.9052380952382,4.12047619047619,0.31897926634769647,3.889221300965895,7.4886770600217645,0.28122340925189615,0.03400000000000025,-0.14428571428571413,False,False,False,False,False,False,1.0174788999995468,7.409094460982974,0.6217006526002572,0.7608712134996948,0.6271482076822815,-0.7596838524590406,0.03395142507923888
2025-10-31,3030,4107.5,11767,2.933,1423.0795454545455,4.0618181818181816,-3.6565977742448297,-3.184136909659374,19.941015009052165,2.166285726699524,0.08399999999999963,-0.05865800865800885,False,False,True,False,False,False,0.45143837700063133,7.491546745749759,0.6485063569105252,0.4505570255923523,0.5357661563817545,-0.8398090799472252,-0.0019809103459636247
2025-11-30,3010,3926.59,12194,3.248,1459.878888888889,4.0938888888888885,-0.660066006600657,3.628792385484836,-4.404382227632375,2.585895043736941,0.3150000000000004,0.032070707070706916,False,False,False,False,False,False,1.1424914350091349,6.904694843374182,0.6851758721165084,0.362182916089714,0.3195598682497875,-0.789088212894861,0.26673791264137947
2025-12-31,3255,4214.17,12585,3.366,1465.355,4.1431818181818185,8.139534883720923,3.206494997539777,7.323912096755714,0.37510721970086536,0.11799999999999988,0.049292929292930054,False,False,False,False,False,False,2.5474403067354143,6.413261480798729,0.5775952676293707,0.2898110434190589,0.12196627286476625,-0.6933840534353101,0.4020392577465544
2026-01-31,3485,5224.36,13451,3.485,1455.4959999999999,4.2135,7.066052227342556,6.881207787048083,23.97126836363981,-0.6728062483152608,0.11899999999999977,0.07031818181818128,False,False,True,False,False,False,3.017714306710438,6.529152923045171,0.5956282163288613,0.34416970694399374,0.15270272209209051,-0.6994936472824445,0.591160151659746
2026-02-28,4955,6244.13,16100,3.612,1447.2857894736842,4.12578947368421,42.180774748923966,19.69370307040368,19.51952009432736,-0.5640833452181027,0.12700000000000022,-0.08771052631578957,True,False,True,False,False,False,6.098577132313821,13.086998992988633,0.814345398348138,0.5064292065660889,0.23157978445150407,-0.43894831779895094,0.17184172995832564
2026-03-31,4430,5052.46,14666,3.728,1490.5177272727271,4.245909090909091,-10.595358224016149,-8.906832298136646,-19.084644297924612,2.987104420804454,0.1160000000000001,0.12011961722488085,False,False,True,False,False,False,5.469598867614063,13.732020239032796,0.8265680624928647,0.5709413386769016,0.12750281471072794,-0.5153465085133728,-0.08870511285479796
2026-04-30,4885,6598.87,15667,3.737,1483.7977272727273,4.319090909090909,10.270880361173806,6.825310241374605,30.607070615106302,-0.4508500554566197,0.008999999999999897,0.07318181818181824,False,False,True,False,False,False,5.981694169486602,13.791801311839217,0.8266153039435128,0.5418955552565508,0.10388727292277987,-0.5451176641692187,-0.06303178576260163
2026-05-31,4880,8476.15,18404,4.075,1488.396,4.484,-0.10235414534288667,17.469841067211345,28.448507092881048,0.30989889273684845,0.3380000000000001,0.16490909090909067,False,False,True,False,False,False,5.0140451605193475,13.776050427210818,0.6894622144030547,0.470449546314528,0.022870053398981,-0.5881301862011359,-0.1792055649063749
2026-06-30,4540,8476.48,18978,4.181,1529.4619047619049,4.47047619047619,-6.9672131147541005,3.1188871984351163,0.0038932770184629817,2.7590711586100047,0.10599999999999987,-0.013523809523809938,False,False,False,False,False,False,3.4746172204714516,14.014743020766176,0.6889709546263664,0.49279489744135946,0.018757204575436975,-0.6377531142744356,-0.14029825110193522
2026-07-31,4420,6595.45,18815,4.286,1486.013181818182,4.599545454545455,-2.643171806167399,-0.8588892401728332,-22.19116897580128,-2.8407849066686475,0.10499999999999954,0.12906926406926456,False,False,True,False,False,False,2.7864722760778875,14.102574474855412,0.7058674807488667,0.4846277430320817,0.04094551913969145,-0.41489772806094605,-0.17261687919416344
2026-08-31,5770,6820.02,21140,4.286,1403.2185714285715,4.684285714285714,30.542986425339368,12.357161838958275,3.4049230909187544,-5.571593267316022,0.0,0.08474025974025956,True,False,False,False,True,False,6.1578705701435235,15.551790585384795,0.7446637231266297,0.3606779323304661,-0.25551257311855496,-0.6143915770836595,-0.21412842606831545
