date,real_gdp_level,operating_profit_krw_100m,gdp_qoq_pct,gdp_yoy_pct,operating_profit_yoy_pct,hanwha_quarterly_return_pct
2015-03-31,454302800,,,,,
2015-06-30,456256600,,0.43006558621254687,,,7.598371777476265
2015-09-30,463025500,,1.483573059545873,,,2.9003783102143688
2015-12-31,466604000,,0.7728516032054378,,,-9.436274509803921
2016-03-31,468400300,,0.38497312496248437,3.103106562407265,,-9.336941813261168
2016-06-30,474271500,,1.253457779595779,3.948414116091681,,-13.582089552238807
2016-09-30,476105600,,0.38671942125976244,2.8249200098050764,,-0.5181347150259086
2016-12-31,479773700,,0.7704383229266698,2.8224575871617086,,13.368055555555557
2017-03-31,485209500,,1.1329924920853385,3.58863988771998,,-7.503828483920372
2017-06-30,488730600,,0.7256865333428175,3.048696790762251,,15.231788079470189
2017-09-30,495435100,,1.3718191576299832,4.0599186398983855,,-1.5804597701149392
2017-12-31,494356900,,-0.21762688998013813,3.0395997112805384,,0.8759124087591275
2018-03-31,501490000,,1.4429049134339955,3.3553547488250013,,-10.419681620839361
2018-06-30,505448900,,0.7894275060320144,3.4207598214640145,,-14.378029079159937
2018-09-30,508214800,,0.5472165435516763,2.5794902299009603,,-0.18867924528301883
2018-12-31,510948600,,0.5379221541757628,3.3562189584083857,,-20.22684310018904
2019-03-31,511117500,,0.03305616259638988,1.919779058405946,,-5.213270142180093
2019-06-30,518034200,,1.3532504756734065,2.489925292151196,,-18.125000000000004
2019-09-30,519435700,,0.2705419835215439,2.2079050039471415,,-27.328244274809165
2019-12-31,524395000,,0.9547476232380614,2.6316541429020512,,-2.941176470588236
2020-03-31,517226900,,-1.36692760228454,1.1953024500237275,,-39.82683982683982
2020-06-30,503562300,,-2.6418966221594453,-2.793618645255469,,-2.1582733812949617
2020-09-30,514942200,,2.259879264194331,-0.8650733863690974,,12.132352941176471
2020-12-31,522735100,,1.513354314328863,-0.3165361988577309,,60.00000000000001
2021-03-31,531069700,,1.5944213426647647,2.6763495866127585,,31.557377049180335
2021-06-30,538270800,,1.3559613738083787,6.892593031686456,,16.978193146417443
2021-09-30,538184300,,-0.01606997815969402,4.513535693908954,,-3.8615179760319585
2021-12-31,547618100,,1.7528939435802915,4.7601548088123335,,-18.698060941828253
2022-03-31,550176900,,0.46725993899763285,3.597870486679988,,7.325383304940369
2022-06-30,555670400,,0.9984970288647199,3.232499329333849,,-29.36507936507936
2022-09-30,557103500,,0.25790468594331095,3.5153756807844383,,-6.067415730337078
2022-12-31,554877300,,-0.39960258731097653,1.3255953373345397,,32.53588516746411
2023-03-31,556108300,,0.22185084882730965,1.078089610814259,,-13.357400722021662
2023-06-30,559921400,,0.6856757937257818,0.7650218546821907,,7.499999999999996
2023-09-30,565273300,,0.9558305862215732,1.4664779524810045,,10.658914728682166
2023-12-31,569404400,,0.7308146342662969,2.6180743021925856,,-0.8756567425569184
2024-03-31,575171300,,1.012795124168342,3.4279294159069273,,0.17667844522968323
2024-06-30,574301700,,-0.15118974121274276,2.568271189491944,,5.820105820105814
2024-09-30,574618700,,0.05519746850828344,1.6532533908818925,,-4.333333333333334
2024-12-31,575977000,,0.23638283961173734,1.1542938551230009,,-14.28571428571429
2025-03-31,574984300,,-0.17235063205648382,-0.032512053365663096,,3.455284552845539
2025-06-30,578719200,2407.04,0.6495655620510021,0.7691950067360009,,29.469548133595282
2025-09-30,586599900,3548.89,1.3617484956434778,2.0850696296518034,,-4.552352048558417
2025-12-31,585964000,1802.98,-0.1084043826124037,1.7339234031914508,,3.497615262321152
2026-03-31,596692800,4807.82,1.8309657248568145,3.7754943917599038,,36.09831029185868
2026-06-30,600405700,6267.82,0.6222464893157698,3.7473268555803907,160.39534033501727,2.483069977426644
