date,variable,previous_month_level,current_month_level,recalculated_change,processed_change,absolute_difference,passed
2015-01-31,hanwha_return_pct,8290.0,7780.0,-6.151990349819059,-6.151990349819059,0.0,True
2015-01-31,insurance_return_pct,5845.0,5706.0,-2.378100940975192,-2.378100940975192,0.0,True
2015-01-31,kospi_return_pct,1915.59,1949.26,1.757683011500366,1.757683011500366,0.0,True
2015-01-31,usdkrw_change_pct,1102.622380952381,1088.1299999999999,-1.3143557760784352,-1.3143557760784352,0.0,True
2015-01-31,kr10y_change_pp,2.681,2.415,-0.266,-0.266,0.0,True
2015-01-31,us10y_change_pp,2.2072727272727275,1.8815000000000002,-0.3257727272727273,-0.3257727272727273,0.0,True
2020-03-31,hanwha_return_pct,1650.0,1390.0,-15.75757575757576,-15.75757575757576,0.0,True
2020-03-31,insurance_return_pct,4001.0,3301.0,-17.495626093476634,-17.495626093476634,0.0,True
2020-03-31,kospi_return_pct,1987.01,1754.64,-11.694455488397137,-11.694455488397137,0.0,True
2020-03-31,usdkrw_change_pct,1195.3357894736844,1218.1945454545455,1.9123292536004532,1.9123292536004532,0.0,True
2020-03-31,kr10y_change_pp,1.54,1.485,-0.05499999999999994,-0.05499999999999994,0.0,True
2020-03-31,us10y_change_pp,1.5042105263157897,0.87,-0.6342105263157897,-0.6342105263157897,0.0,True
2026-08-31,hanwha_return_pct,4420.0,5770.0,30.542986425339368,30.542986425339368,0.0,True
2026-08-31,insurance_return_pct,18815.0,21140.0,12.357161838958275,12.357161838958275,0.0,True
2026-08-31,kospi_return_pct,6595.45,6820.02,3.4049230909187544,3.4049230909187544,0.0,True
2026-08-31,usdkrw_change_pct,1486.013181818182,1403.2185714285715,-5.571593267316022,-5.571593267316022,0.0,True
2026-08-31,kr10y_change_pp,4.286,4.286,0.0,0.0,0.0,True
2026-08-31,us10y_change_pp,4.599545454545455,4.684285714285714,0.08474025974025956,0.08474025974025956,0.0,True
