stage,column,rows,non_null,missing,missing_pct,start,end
before_transform,hanwha_close,140,140,0,0.0,2015-01-31,2026-08-31
before_transform,kospi_close,140,140,0,0.0,2015-01-31,2026-08-31
before_transform,insurance_close,140,140,0,0.0,2015-01-31,2026-08-31
before_transform,kr10y_pct,140,140,0,0.0,2015-01-31,2026-08-31
before_transform,usdkrw,140,140,0,0.0,2015-01-31,2026-08-31
before_transform,us10y_pct,140,140,0,0.0,2015-01-31,2026-08-31
after_transform_and_core_drop,hanwha_close,140,140,0,0.0,2015-01-31,2026-08-31
after_transform_and_core_drop,kospi_close,140,140,0,0.0,2015-01-31,2026-08-31
after_transform_and_core_drop,insurance_close,140,140,0,0.0,2015-01-31,2026-08-31
after_transform_and_core_drop,kr10y_pct,140,140,0,0.0,2015-01-31,2026-08-31
after_transform_and_core_drop,usdkrw,140,140,0,0.0,2015-01-31,2026-08-31
after_transform_and_core_drop,us10y_pct,140,140,0,0.0,2015-01-31,2026-08-31
after_transform_and_core_drop,hanwha_return_pct,140,140,0,0.0,2015-01-31,2026-08-31
after_transform_and_core_drop,insurance_return_pct,140,140,0,0.0,2015-01-31,2026-08-31
after_transform_and_core_drop,kospi_return_pct,140,140,0,0.0,2015-01-31,2026-08-31
after_transform_and_core_drop,usdkrw_change_pct,140,140,0,0.0,2015-01-31,2026-08-31
after_transform_and_core_drop,kr10y_change_pp,140,140,0,0.0,2015-01-31,2026-08-31
after_transform_and_core_drop,us10y_change_pp,140,140,0,0.0,2015-01-31,2026-08-31
after_transform_and_core_drop,outlier_hanwha_return_pct,140,140,0,0.0,2015-01-31,2026-08-31
after_transform_and_core_drop,outlier_insurance_return_pct,140,140,0,0.0,2015-01-31,2026-08-31
after_transform_and_core_drop,outlier_kospi_return_pct,140,140,0,0.0,2015-01-31,2026-08-31
after_transform_and_core_drop,outlier_kr10y_change_pp,140,140,0,0.0,2015-01-31,2026-08-31
after_transform_and_core_drop,outlier_usdkrw_change_pct,140,140,0,0.0,2015-01-31,2026-08-31
after_transform_and_core_drop,outlier_us10y_change_pp,140,140,0,0.0,2015-01-31,2026-08-31
after_transform_and_core_drop,hanwha_return_12m_mean,140,129,11,7.857,2015-12-31,2026-08-31
after_transform_and_core_drop,hanwha_return_12m_vol,140,129,11,7.857,2015-12-31,2026-08-31
after_transform_and_core_drop,rolling_corr_insurance_return_pct,140,129,11,7.857,2015-12-31,2026-08-31
after_transform_and_core_drop,rolling_corr_kospi_return_pct,140,129,11,7.857,2015-12-31,2026-08-31
after_transform_and_core_drop,rolling_corr_kr10y_change_pp,140,129,11,7.857,2015-12-31,2026-08-31
after_transform_and_core_drop,rolling_corr_usdkrw_change_pct,140,129,11,7.857,2015-12-31,2026-08-31
after_transform_and_core_drop,rolling_corr_us10y_change_pp,140,129,11,7.857,2015-12-31,2026-08-31
